seed,scenario,method,rmse_m,p95_m
0,stationary,raw,0.42170405362421337,0.7313080750092772
0,stationary,moving_average_7,0.15925565376916168,0.2752406406857123
0,stationary,kalman,0.21071775017573643,0.3680324905656786
0,stationary,robust_online,0.21019733198664559,0.3680253008959992
0,stationary,rts_offline,0.11731643889379903,0.20250672105081638
1,stationary,raw,0.44232159212725847,0.7564524512959262
1,stationary,moving_average_7,0.17063350604237473,0.3066416208955411
1,stationary,kalman,0.23053767963878063,0.39129012613329156
1,stationary,robust_online,0.23002270031481714,0.3872355866063379
1,stationary,rts_offline,0.1195792276572819,0.22014379471605225
2,stationary,raw,0.4281091032689688,0.7385717477615689
2,stationary,moving_average_7,0.149695453678878,0.26795539052389467
2,stationary,kalman,0.20357495098023545,0.3578279528208398
2,stationary,robust_online,0.2030945392131582,0.3600769091502632
2,stationary,rts_offline,0.10598661715666566,0.1891852646020582
3,stationary,raw,0.4153340159040734,0.697159272978871
3,stationary,moving_average_7,0.1553074741040953,0.27257806509518767
3,stationary,kalman,0.20940358963325795,0.37465860632126574
3,stationary,robust_online,0.2077200220903968,0.3662522638628523
3,stationary,rts_offline,0.10402194843313418,0.17033575014953994
4,stationary,raw,0.41901144026908343,0.7077038936009628
4,stationary,moving_average_7,0.15194900077654402,0.24510085765641615
4,stationary,kalman,0.20675092445269266,0.3489781685693992
4,stationary,robust_online,0.2055769288501257,0.34549980287708904
4,stationary,rts_offline,0.10376673329128237,0.17796170574472897
5,stationary,raw,0.4096264399174684,0.7275964802207543
5,stationary,moving_average_7,0.15014888299387943,0.2692877477949689
5,stationary,kalman,0.1996484153532629,0.3612678379898046
5,stationary,robust_online,0.19969429398822985,0.36043083111369634
5,stationary,rts_offline,0.11239105797040459,0.18838434871684404
6,stationary,raw,0.4274488117077864,0.7438267604767853
6,stationary,moving_average_7,0.16219872998278173,0.30020975759241764
6,stationary,kalman,0.2187266936956604,0.3933812947476105
6,stationary,robust_online,0.21608276478346466,0.39289941919752996
6,stationary,rts_offline,0.11687438067791227,0.2235503330420964
7,stationary,raw,0.4309965286989698,0.7495287853959808
7,stationary,moving_average_7,0.16542493498284375,0.27915030055490747
7,stationary,kalman,0.22006868776133826,0.3777724348375096
7,stationary,robust_online,0.2202252871914276,0.37740731947726347
7,stationary,rts_offline,0.1159129036592811,0.19312501578842084
8,stationary,raw,0.4382034231821949,0.7836786580668672
8,stationary,moving_average_7,0.17374060209640274,0.293189583960565
8,stationary,kalman,0.22778207184022983,0.3932177066699798
8,stationary,robust_online,0.22621152298290667,0.3884653360955703
8,stationary,rts_offline,0.13062574570181182,0.21863321383949244
9,stationary,raw,0.4197904037157089,0.7360744259940466
9,stationary,moving_average_7,0.15135926229330024,0.2734579946694934
9,stationary,kalman,0.20712655957738826,0.3459031980311579
9,stationary,robust_online,0.2066688719471293,0.34798259941700604
9,stationary,rts_offline,0.10346211018376963,0.19089049051657908
0,smooth,raw,0.42170405362421337,0.7313080750092772
0,smooth,moving_average_7,0.2612246032468144,0.4283249316706213
0,smooth,kalman,0.2099834673992827,0.36951616639683676
0,smooth,robust_online,0.20968605373659668,0.36966695469403416
0,smooth,rts_offline,0.11736749544339253,0.20235336531193596
1,smooth,raw,0.4423215921272585,0.7564524512959259
1,smooth,moving_average_7,0.29249232659902674,0.4866987252844433
1,smooth,kalman,0.2312058869973099,0.4005532969948997
1,smooth,robust_online,0.23035533096001412,0.3902164230310085
1,smooth,rts_offline,0.11951147796068226,0.22019535784483074
2,smooth,raw,0.4281091032689688,0.7385717477615686
2,smooth,moving_average_7,0.2519090085243037,0.4253430446923375
2,smooth,kalman,0.20357772091679854,0.3477035229562377
2,smooth,robust_online,0.20288272347367722,0.3503634381568112
2,smooth,rts_offline,0.10587013915677455,0.18963552337438336
3,smooth,raw,0.4153340159040734,0.6971592729788711
3,smooth,moving_average_7,0.26191180691525573,0.40491285114232917
3,smooth,kalman,0.20959866479798295,0.3770920378967034
3,smooth,robust_online,0.20790515487380581,0.37217782877524175
3,smooth,rts_offline,0.10412397085052556,0.17069957631792493
4,smooth,raw,0.41901144026908343,0.7077038936009628
4,smooth,moving_average_7,0.26012569302550936,0.41386424811327394
4,smooth,kalman,0.20648903465738908,0.3471572431841301
4,smooth,robust_online,0.20527675361287895,0.3465205713117887
4,smooth,rts_offline,0.10363446278790824,0.17786157398436586
5,smooth,raw,0.4096264399174684,0.7275964802207543
5,smooth,moving_average_7,0.25817238462413505,0.4322918246745176
5,smooth,kalman,0.20209621263440208,0.36557222228390207
5,smooth,robust_online,0.20201696476756817,0.3609351331984549
5,smooth,rts_offline,0.11233954105260986,0.18709082896040963
6,smooth,raw,0.4274488117077864,0.7438267604767853
6,smooth,moving_average_7,0.27013798717957077,0.4478143597866343
6,smooth,kalman,0.2189730078593658,0.3869365924791978
6,smooth,robust_online,0.21624666417924215,0.38540554432329927
6,smooth,rts_offline,0.11667387426051899,0.2226832308305987
7,smooth,raw,0.4309965286989698,0.7495287853959811
7,smooth,moving_average_7,0.2833508485215705,0.45998418016285597
7,smooth,kalman,0.22050344616475412,0.3689432168367249
7,smooth,robust_online,0.22050399986102653,0.368924450957966
7,smooth,rts_offline,0.11581768289046274,0.1919025616719547
8,smooth,raw,0.4382034231821949,0.7836786580668671
8,smooth,moving_average_7,0.2594674657142215,0.4300912029920404
8,smooth,kalman,0.2289046733742875,0.39228876308167
8,smooth,robust_online,0.22736459672011436,0.39211311703761825
8,smooth,rts_offline,0.130487471677012,0.21815668244523176
9,smooth,raw,0.4197904037157089,0.7360744259940466
9,smooth,moving_average_7,0.2666528699306363,0.4227201709951989
9,smooth,kalman,0.2072239776433087,0.3425232796402735
9,smooth,robust_online,0.20660519296785515,0.34427959218355403
9,smooth,rts_offline,0.10329938224731335,0.1905066457959821
0,sharp_turns,raw,0.4217040536242134,0.7313080750092773
0,sharp_turns,moving_average_7,0.2740009915843799,0.42554508802567337
0,sharp_turns,kalman,0.21189925630624823,0.3679985947137649
0,sharp_turns,robust_online,0.21145726556294347,0.3679831666410262
0,sharp_turns,rts_offline,0.11972828474305551,0.21314481312399342
1,sharp_turns,raw,0.4423215921272585,0.756452451295926
1,sharp_turns,moving_average_7,0.29153754343838917,0.46163531024395904
1,sharp_turns,kalman,0.23112912380582812,0.3955826314274824
1,sharp_turns,robust_online,0.2297287239937315,0.3891802706036502
1,sharp_turns,rts_offline,0.12027534845907842,0.22338523677392302
2,sharp_turns,raw,0.4281091032689687,0.7385717477615688
2,sharp_turns,moving_average_7,0.2558160450879422,0.40230676187090664
2,sharp_turns,kalman,0.2047961907620758,0.3616852746027447
2,sharp_turns,robust_online,0.20396638626888555,0.3648018598427495
2,sharp_turns,rts_offline,0.10633267731914631,0.19152074574891598
3,sharp_turns,raw,0.4153340159040734,0.697159272978871
3,sharp_turns,moving_average_7,0.2681246350985461,0.42401821017004737
3,sharp_turns,kalman,0.2140084047499268,0.38496684354517285
3,sharp_turns,robust_online,0.21243865871530093,0.3804229950962794
3,sharp_turns,rts_offline,0.10623818991777917,0.1703140021984924
4,sharp_turns,raw,0.41901144026908343,0.7077038936009628
4,sharp_turns,moving_average_7,0.2611000231419829,0.41092310922353464
4,sharp_turns,kalman,0.20678101492080528,0.3488738483076211
4,sharp_turns,robust_online,0.20603075537349877,0.34691952396653214
4,sharp_turns,rts_offline,0.10441361526847069,0.17898394016206853
5,sharp_turns,raw,0.4096264399174684,0.7275964802207546
5,sharp_turns,moving_average_7,0.24768826369100172,0.4022550118425007
5,sharp_turns,kalman,0.2030620335870549,0.3692519141728437
5,sharp_turns,robust_online,0.2042620493727152,0.365325910787541
5,sharp_turns,rts_offline,0.11378052536045587,0.1945688437788336
6,sharp_turns,raw,0.4274488117077864,0.7438267604767856
6,sharp_turns,moving_average_7,0.2839792644889257,0.4626100392074095
6,sharp_turns,kalman,0.22042247134396745,0.39417829815551764
6,sharp_turns,robust_online,0.21784455609353434,0.39586850635689236
6,sharp_turns,rts_offline,0.11781827864181846,0.2340983674921436
7,sharp_turns,raw,0.4309965286989698,0.7495287853959808
7,sharp_turns,moving_average_7,0.28106314925816733,0.4468746695492173
7,sharp_turns,kalman,0.22035314144324086,0.37754768734073885
7,sharp_turns,robust_online,0.22050308027709473,0.37740731979127784
7,sharp_turns,rts_offline,0.11874450211669964,0.19541305712022627
8,sharp_turns,raw,0.4382034231821949,0.783678658066867
8,sharp_turns,moving_average_7,0.26905296272502005,0.45696194331895
8,sharp_turns,kalman,0.2265495398866236,0.38593922557843047
8,sharp_turns,robust_online,0.22520877662887784,0.38152156781023894
8,sharp_turns,rts_offline,0.1332794817703404,0.22317090806500398
9,sharp_turns,raw,0.4197904037157089,0.7360744259940468
9,sharp_turns,moving_average_7,0.2703585536845178,0.4161592722792356
9,sharp_turns,kalman,0.2114509996532901,0.35413861622391396
9,sharp_turns,robust_online,0.21104260719728282,0.35797001652631466
9,sharp_turns,rts_offline,0.10358873963747908,0.19250361465824675
0,outliers,raw,2.270391337151412,6.632541902367362
0,outliers,moving_average_7,0.7828559272848464,1.5418599344516122
0,outliers,kalman,1.0209510903416543,2.4398851566722453
0,outliers,robust_online,0.21595656522123072,0.37933469286266747
0,outliers,rts_offline,0.12111660193816343,0.19612956626243291
1,outliers,raw,2.3305493602407905,7.046452194542003
1,outliers,moving_average_7,0.8094625943101953,1.646217846331443
1,outliers,kalman,1.0617119206350303,2.3811477942567203
1,outliers,robust_online,0.31044835900545703,0.48320373668043043
1,outliers,rts_offline,0.13701751454374964,0.2691887764882373
2,outliers,raw,2.229391824682328,7.103365933491227
2,outliers,moving_average_7,0.7851063856454132,1.5466732470531221
2,outliers,kalman,1.0163387203535612,2.425336173919129
2,outliers,robust_online,0.220554837077934,0.3981534736292054
2,outliers,rts_offline,0.1160384914562317,0.20979877703793479
3,outliers,raw,2.3521244715845033,7.036899312186501
3,outliers,moving_average_7,0.9681658114561974,1.8354392834613213
3,outliers,kalman,1.2559217135387861,2.6854579464287625
3,outliers,robust_online,0.2220683016189449,0.3977260336489705
3,outliers,rts_offline,0.10975133667967861,0.17361856715246646
4,outliers,raw,2.1066235747996487,6.727487644793369
4,outliers,moving_average_7,0.7724062268895975,1.5666095446920119
4,outliers,kalman,0.9744514711931441,2.461112203806062
4,outliers,robust_online,0.20473432621726784,0.3479768431564325
4,outliers,rts_offline,0.10174960437646316,0.17662765473353842
5,outliers,raw,2.197589975169983,6.770748889507262
5,outliers,moving_average_7,0.8268989124468351,1.537103664056041
5,outliers,kalman,1.0960297951993927,2.5319927729595872
5,outliers,robust_online,0.221940490079454,0.38928080890303624
5,outliers,rts_offline,0.12920483935418792,0.22443121966142238
6,outliers,raw,2.5027158365574538,7.7112489519355805
6,outliers,moving_average_7,0.9472660034155851,2.0514768292307526
6,outliers,kalman,1.2318580506993975,2.8376294366107744
6,outliers,robust_online,0.2324311842326792,0.41976329348038466
6,outliers,rts_offline,0.12330161558642312,0.2219845475379857
7,outliers,raw,2.3283662223167214,7.471084827468744
7,outliers,moving_average_7,0.9534442851319752,2.038426058469172
7,outliers,kalman,1.1726586907279961,2.625697939355175
7,outliers,robust_online,0.3325959774621483,0.43070761307270566
7,outliers,rts_offline,0.12531447756159714,0.2212544661586138
8,outliers,raw,2.1536230289199274,6.935212821851813
8,outliers,moving_average_7,0.816085168497073,1.358196120766264
8,outliers,kalman,1.0896654790451399,2.411950323278545
8,outliers,robust_online,0.25049504110640836,0.4278757543077724
8,outliers,rts_offline,0.13472728648854498,0.23150616831379237
9,outliers,raw,2.036604846197707,5.882911565281223
9,outliers,moving_average_7,0.8131959544913108,1.5239545875725204
9,outliers,kalman,1.0684045255847814,2.4229126190219636
9,outliers,robust_online,0.24919943195464483,0.4265613831023498
9,outliers,rts_offline,0.1102870559396973,0.1950213925936642
0,dropout,raw,2.3200661276949117,6.84346020108674
0,dropout,moving_average_7,0.7943977983003071,1.5581950859116471
0,dropout,kalman,1.0418149837123043,2.4741023317694943
0,dropout,robust_online,0.21474890014008216,0.3766410239712351
0,dropout,rts_offline,0.12029463419668039,0.19449282273125612
0,dropout_missing_only,kalman,1.501939314520909,2.427010423028272
0,dropout_missing_only,robust_online,0.3387052866678509,0.4801530443243377
0,dropout_missing_only,rts_offline,0.13163686309308148,0.1777025558100352
1,dropout,raw,2.3043295622053295,6.974388029146831
1,dropout,moving_average_7,0.7969336591755491,1.6253965814139346
1,dropout,kalman,1.0406517867571705,2.3801594904818786
1,dropout,robust_online,0.3121397753903865,0.49243355918793336
1,dropout,rts_offline,0.14042359198844662,0.27574386374156457
1,dropout_missing_only,kalman,0.6366937753824667,1.1350526098764
1,dropout_missing_only,robust_online,1.4325305005819986,2.1786286406143383
1,dropout_missing_only,rts_offline,0.39507807885633023,0.4761767237504617
2,dropout,raw,2.260181807079701,7.125676420826722
2,dropout,moving_average_7,0.7908340222430695,1.5553332987158477
2,dropout,kalman,1.0246901868749638,2.426881488086169
2,dropout,robust_online,0.22066881888156006,0.3848518934369012
2,dropout,rts_offline,0.11554930232481624,0.20467581109806016
2,dropout_missing_only,kalman,1.8783815573684324,2.3328061995714036
2,dropout_missing_only,robust_online,0.9004321902701281,1.3888459144707603
2,dropout_missing_only,rts_offline,0.314684443217286,0.36236111140108496
3,dropout,raw,2.39109502167878,7.122302394496908
3,dropout,moving_average_7,0.9860667414875506,1.953058749813299
3,dropout,kalman,1.280253407880949,2.7366910827918
3,dropout,robust_online,0.22415151032464117,0.3995538417810773
3,dropout,rts_offline,0.11143465032903169,0.17731200071751557
3,dropout_missing_only,kalman,1.5570868229711958,2.42202734827018
3,dropout_missing_only,robust_online,0.8857188612393511,1.4206986492835445
3,dropout_missing_only,rts_offline,0.2973462863142109,0.355933316993282
4,dropout,raw,2.1412500804735033,6.749100937125916
4,dropout,moving_average_7,0.7875165337315044,1.5926084503286686
4,dropout,kalman,0.9873243766706641,2.461760522529028
4,dropout,robust_online,0.2064274415411287,0.3503812939805462
4,dropout,rts_offline,0.10313187621648062,0.17767982744727645
4,dropout_missing_only,kalman,0.1049395660942174,0.21800030315090718
4,dropout_missing_only,robust_online,0.09780112868529876,0.20932582808527384
4,dropout_missing_only,rts_offline,0.1111058596569609,0.15385228138354146
5,dropout,raw,2.2379121836634215,6.794560488880878
5,dropout,moving_average_7,0.8387494491394348,1.5581549010422213
5,dropout,kalman,1.120562769600746,2.601877992095688
5,dropout,robust_online,0.2235290277164872,0.39183218681686427
5,dropout,rts_offline,0.1319572056150744,0.22773798288795102
5,dropout_missing_only,kalman,1.9416851975006861,3.25840250276826
5,dropout_missing_only,robust_online,0.7360125978672246,1.0749038939342785
5,dropout_missing_only,rts_offline,0.22529943056945365,0.2540105535151208
6,dropout,raw,2.5072112830821407,7.706762971899221
6,dropout,moving_average_7,0.9506579856650104,2.0654342392882583
6,dropout,kalman,1.2392171952928395,2.874712624712918
6,dropout,robust_online,0.23123731571131823,0.41958847124779586
6,dropout,rts_offline,0.12011627256617671,0.23100613026619293
6,dropout_missing_only,kalman,1.4201186077151917,2.1830722030860468
6,dropout_missing_only,robust_online,0.2726122774586057,0.3354529454098107
6,dropout_missing_only,rts_offline,0.21484007252206905,0.2554222269826627
7,dropout,raw,2.3092103566553828,7.380501528735152
7,dropout,moving_average_7,0.9568330925695389,1.9682671841853274
7,dropout,kalman,1.1699017095493058,2.5883259292628646
7,dropout,robust_online,0.33489585920062787,0.4298316926987846
7,dropout,rts_offline,0.12180258535991999,0.21667256647641361
7,dropout_missing_only,kalman,1.4769987562147262,2.319955086466908
7,dropout_missing_only,robust_online,1.488373421762787,2.3368144473053882
7,dropout_missing_only,rts_offline,0.20707648806138593,0.29265360012325753
8,dropout,raw,2.1705842614993958,6.943915146748594
8,dropout,moving_average_7,0.8254033794098792,1.3684149791748117
8,dropout,kalman,1.0960745411920707,2.378375992226381
8,dropout,robust_online,0.2540162685182764,0.4319587976076892
8,dropout,rts_offline,0.1382991912501019,0.23064689172755445
8,dropout_missing_only,kalman,0.25299608834142706,0.46937575947197546
8,dropout_missing_only,robust_online,0.23845118968658433,0.44968027199634353
8,dropout_missing_only,rts_offline,0.09369192935771248,0.14984599740221574
9,dropout,raw,2.031035190853133,5.9168900356102885
9,dropout,moving_average_7,0.811834736239658,1.5366109954273737
9,dropout,kalman,1.0672771823506704,2.445833305833136
9,dropout,robust_online,0.2527649557964249,0.4272799640361137
9,dropout,rts_offline,0.11078627085228755,0.19589856632040867
9,dropout_missing_only,kalman,11.28988711638084,17.061552470465607
9,dropout_missing_only,robust_online,0.608638742539574,0.9974242737177678
9,dropout_missing_only,rts_offline,0.10963987502039578,0.11841714826164937
0,persistent_bias,raw,1.8359009083926647,2.7157127713414444
0,persistent_bias,moving_average_7,1.7806389539055694,2.5020651035367574
0,persistent_bias,kalman,1.7975769668350687,2.521442930328208
0,persistent_bias,robust_online,1.7775413079496225,2.5142391489117384
0,persistent_bias,rts_offline,1.771270659562801,2.3790880122570863
1,persistent_bias,raw,1.8125518845328707,2.7187223073917433
1,persistent_bias,moving_average_7,1.7615121613508715,2.5386063894086464
1,persistent_bias,kalman,1.7721509782447409,2.505854786177425
1,persistent_bias,robust_online,1.7595587843491443,2.480328140841964
1,persistent_bias,rts_offline,1.7501234424579721,2.3474174260608898
2,persistent_bias,raw,1.8088774444275402,2.6966710049081644
2,persistent_bias,moving_average_7,1.7519602598052522,2.4789637519683168
2,persistent_bias,kalman,1.7670145682511176,2.4558584532913788
2,persistent_bias,robust_online,1.7518732810923028,2.4494641172074125
2,persistent_bias,rts_offline,1.744944082461925,2.3501065803913033
3,persistent_bias,raw,1.791979368881233,2.6558316441624465
3,persistent_bias,moving_average_7,1.7403269558352839,2.482492573588065
3,persistent_bias,kalman,1.7548980179024558,2.4324636652011535
3,persistent_bias,robust_online,1.7295065558114027,2.4100711515775917
3,persistent_bias,rts_offline,1.7213791551253186,2.316798337213082
4,persistent_bias,raw,1.81982253469968,2.6749437959099387
4,persistent_bias,moving_average_7,1.765980948763785,2.535001107073727
4,persistent_bias,kalman,1.780916356762918,2.442541779325313
4,persistent_bias,robust_online,1.76481723032252,2.4425649677523515
4,persistent_bias,rts_offline,1.759639154730244,2.335650891380033
5,persistent_bias,raw,1.7988240227344772,2.6437067209214984
5,persistent_bias,moving_average_7,1.7493528505898488,2.5017097221834375
5,persistent_bias,kalman,1.762776938756453,2.4700827891691013
5,persistent_bias,robust_online,1.754208069755258,2.46626639293243
5,persistent_bias,rts_offline,1.7467602675680212,2.372511838999279
6,persistent_bias,raw,1.8196816881862823,2.6880262883742443
6,persistent_bias,moving_average_7,1.7653000143187625,2.5226238837215766
6,persistent_bias,kalman,1.780992777993717,2.4765204974322117
6,persistent_bias,robust_online,1.7683901943229288,2.4737759635512866
6,persistent_bias,rts_offline,1.759658461801365,2.3746842473563126
7,persistent_bias,raw,1.817585147567068,2.6836862910815333
7,persistent_bias,moving_average_7,1.7663285670419315,2.543442915927148
7,persistent_bias,kalman,1.778328605814559,2.5066785594828946
7,persistent_bias,robust_online,1.7649667712290988,2.501729782015301
7,persistent_bias,rts_offline,1.7566991510928232,2.3534764439024847
8,persistent_bias,raw,1.7958831129247856,2.6696698699372305
8,persistent_bias,moving_average_7,1.7387740183820672,2.476149177739793
8,persistent_bias,kalman,1.7554840704423564,2.466573088106342
8,persistent_bias,robust_online,1.7465914386188093,2.459748641504417
8,persistent_bias,rts_offline,1.737279581904194,2.368498600693384
9,persistent_bias,raw,1.792476618283872,2.6635178048352444
9,persistent_bias,moving_average_7,1.738469187959647,2.4990616504488483
9,persistent_bias,kalman,1.751755967669789,2.465748124702023
9,persistent_bias,robust_online,1.7334601590017156,2.4530709652219334
9,persistent_bias,rts_offline,1.7279903401329044,2.316554295686168
