timestamp,x,y
0.000000000000000000e+00,3.743849955178294997e-01,-7.575520029088941842e-02
9.694392198760262702e-02,1.788343508281994287e-01,-6.531832631994380911e-01
2.148738179831717610e-01,-1.922122918545269288e-01,6.650690884918299128e-02
3.247422194361400116e-01,-8.788468190245307676e-02,4.478967028199768441e-01
4.044510868305224438e-01,8.902794300622468571e-01,-6.223671849666229106e-02
5.282322044123601845e-01,1.288335233204488395e-01,4.499437408717337772e-01
6.412891895118778551e-01,9.446074681494606162e-01,9.319516944855593676e-02
7.555924047757255346e-01,6.179922451368243808e-01,1.087439368125271866e+00
8.369980864095027950e-01,1.060981375141841210e-01,2.142730249088628525e-01
9.345173833042812461e-01,5.443611387833710014e-01,5.110490364659732165e-01
1.028057284515910386e+00,9.821054913992988133e-01,8.052117159071116026e-01
1.149395533958340376e+00,2.924547312521014186e-01,9.717320469077185274e-01
1.256588789962373554e+00,7.280575074556163706e-01,1.273425722996276654e+00
1.372726870625915030e+00,7.956232636596684005e-01,7.795960124843762662e-01
1.469897580567281592e+00,1.788539216649100094e+00,-4.672118543717935779e+00
1.556259516656520514e+00,1.248434878559727013e+00,5.889562527307157236e-01
1.658988756007312215e+00,1.348007909763547563e+00,8.528689175814403445e-01
1.737179618812521031e+00,1.312312870975618218e+00,7.877268245440236516e-01
1.853561177412150096e+00,7.089643419682824188e+00,4.977528668874320772e+00
1.960144397368253522e+00,1.013535610731778114e+00,1.573967343531037733e+00
2.073048784372522046e+00,1.549741307764128440e+00,1.247580811277185786e+00
2.165775082779015648e+00,1.977216592463868716e+00,1.357887564747635167e+00
2.289309983998760956e+00,1.637280804633925113e+00,1.647288896924312018e+00
2.408966040064870917e+00,1.524499902249242256e+00,1.780772166937507617e+00
2.522885214918558994e+00,1.628820248041241481e+00,1.584009652541938706e+00
2.607617150311157594e+00,2.255787747372000940e+00,1.445130115754410527e+00
2.705953200497509314e+00,1.190394552821193219e+00,2.297475774236005464e+00
2.783143388786870620e+00,2.731616754772542066e+00,1.736563161623103868e+00
2.865857863390247839e+00,1.441932954400621192e+00,1.811385159093448438e+00
2.975010311052370682e+00,2.010929841615535452e+00,1.907614445651356849e+00
3.087248418847761577e+00,1.838304041392993859e+00,2.198812824982506076e+00
3.210623905469471850e+00,2.412235434967280323e+00,1.641267701153696690e+00
3.301915173376379631e+00,2.525417126888962915e+00,2.752052481997818933e+00
3.395438158678123042e+00,2.429218565818507702e+00,2.081784090139315868e+00
3.493915949241913399e+00,2.399961301139277747e+00,2.415580177606712287e+00
3.578389517196127745e+00,1.978787386083825428e+00,2.320520917529133254e+00
3.659885592462901460e+00,2.434079424452922247e+00,2.863450270052022795e+00
3.758670838774198053e+00,2.563161465563740027e+00,2.854222634512384005e+00
3.845016306226742397e+00,2.340101173341409879e+00,2.568069222968469845e+00
3.953507005960868348e+00,2.836760049355729230e+00,2.177509380447087750e+00
4.050364601904484552e+00,2.856007755086956035e+00,2.841947592492658270e+00
4.166998511707376451e+00,2.779625397481546134e+00,2.016953245247771420e+00
4.277011766807488513e+00,2.940752763381887736e+00,2.295722017078575039e+00
4.367630098876590594e+00,2.899982877622046207e+00,2.575149000977649205e+00
4.484243088946350930e+00,2.563384092072523046e+00,2.155809803424642901e+00
4.599481306821190607e+00,3.290649441356828575e+00,2.522060133644813629e+00
4.693855225772699313e+00,2.434262557437230079e+00,2.944225805322651990e+00
4.783271630969211152e+00,3.339645580266366931e+00,2.521654745272074116e+00
4.892396406167960343e+00,2.928582591453836148e+00,3.017856883227463261e+00
4.974384030348425689e+00,3.477421969381621292e+00,3.504161999588233378e+00
5.059379440472181244e+00,3.549110851861144056e+00,2.927635697474238796e+00
5.134747553959731370e+00,3.417402696303557086e+00,3.074837186867236394e+00
5.249093772834838134e+00,3.721866862463157677e+00,3.231588919281592087e+00
5.357336315664439574e+00,3.440622826618090713e+00,2.748332677339655028e+00
5.467594584595756757e+00,3.516510374108571924e+00,3.137507579810092651e+00
5.581631036146855074e+00,4.174467482436630128e+00,2.782520861628388076e+00
5.679576824923771916e+00,3.652549277958823115e+00,3.029747828738459159e+00
5.783013884721416531e+00,3.763797139906238876e+00,3.235591942406460308e+00
5.865003734627799226e+00,3.207185438676342315e+00,2.712127947366511638e+00
5.945730238304597570e+00,3.692123215340847864e+00,2.272919890399211162e+00
6.054150386394121064e+00,3.696444376681832011e+00,2.704661882424971964e+00
6.152705196701277579e+00,3.977967122185007920e+00,3.320604076291446827e+00
6.255967002025337287e+00,4.019456828110761215e+00,2.683541679150258652e+00
6.369216944896138877e+00,4.135130937076222146e+00,3.312083214551573729e+00
6.475952860896168062e+00,3.914562604356432995e+00,2.726415814189655951e+00
6.578631830929067448e+00,4.427301070179755271e+00,2.933441349801250819e+00
6.681592188966337886e+00,4.505862117276405066e+00,2.994293744004262514e+00
6.771789693869468607e+00,4.567024523543926406e+00,2.685033203230839938e+00
6.848330585597866005e+00,4.390609114369292243e+00,2.928846088473810561e+00
6.945166455059483823e+00,4.076643377195761531e+00,2.517130682400703812e+00
7.030895688700460333e+00,4.688400331168191215e+00,2.874337534273554429e+00
7.126322120886691813e+00,1.209556409941960631e+01,-2.757950040291710092e+00
7.243992274550100419e+00,4.921588850433900042e+00,2.273661522418144454e+00
7.330689248843367700e+00,4.174228463015452029e+00,2.669954475119444837e+00
7.408604385927820779e+00,5.097128326267047704e+00,3.020565976394039343e+00
7.497673580528920745e+00,4.929115236384321364e+00,2.579874730001186833e+00
7.587353268417254881e+00,4.402937521342888516e+00,3.040956307655328761e+00
7.695449094153599567e+00,4.803618143303777899e+00,3.050990018099942969e+00
7.798300701770663146e+00,4.774128018195487932e+00,2.948746115925309663e+00
7.912495612225984409e+00,3.781641109735249806e+00,-4.365025405975453410e+00
8.020711289242353104e+00,5.165789108771758009e+00,2.327837839267604458e+00
8.116030632314355842e+00,4.288403894212765799e+00,3.089786912761656623e+00
8.231731651547658402e+00,5.365244318727487638e+00,2.451333874142765268e+00
8.315080297543044452e+00,4.483762427925976901e+00,2.763045613167149916e+00
8.391215901199737814e+00,5.350472745382782058e+00,3.249564875230572802e+00
8.470718294238519519e+00,5.256471829174242494e+00,2.573737943093008074e+00
8.581836261768341245e+00,4.875299746783905874e+00,2.652063795151810677e+00
8.679930123280911403e+00,5.089473642131932429e+00,2.310210001202603447e+00
8.762993712232590937e+00,1.143296866501269804e+01,5.700781676830245281e+00
8.863045950987759269e+00,5.585372688392097551e+00,2.271333995090794922e+00
8.945661556123416958e+00,5.529700171471511716e+00,2.707566592728042121e+00
9.055477574877302871e+00,5.443219796778943298e+00,2.846632775722391262e+00
9.152785388656004884e+00,5.533314611150887963e+00,2.653361797591345272e+00
9.246836449960829540e+00,5.564250781412736657e+00,2.493310172769874544e+00
9.336912054418222695e+00,4.866641429997934587e+00,2.376434757940975473e+00
9.443426184074168006e+00,5.267807948757765146e+00,1.919005804770161028e+00
9.536516814601837311e+00,5.967273023650671249e+00,2.778131314429425736e+00
9.615899310567641578e+00,5.893885989377746881e+00,2.297988981934105723e+00
9.696799605673668054e+00,5.914634165211845485e+00,2.185476976241632840e+00
9.819894488901143248e+00,5.604782228905420993e+00,1.792047812662243444e+00
9.940323523436523701e+00,5.695619200560203765e+00,2.075980046382746469e+00
1.005030888012706036e+01,5.214462358833253042e+00,1.984173185176952847e+00
1.013860237820003718e+01,5.603701524706587556e+00,2.490963176974128057e+00
1.026206119706742292e+01,3.950618005976139546e+00,-3.277002021357681372e+00
1.037599874226571295e+01,5.759243218847980295e+00,1.832052465705985567e+00
1.048684325172366272e+01,5.648763775273807575e+00,1.429956047145789499e+00
1.058431132683085174e+01,1.154984142309738004e+00,-3.451070241749669698e+00
1.067292340492310920e+01,5.374290489252578240e+00,1.797666793592681334e+00
1.075274295303078453e+01,5.882936764180207057e+00,1.059920529798514366e+00
1.087287307285797588e+01,5.752093936021922538e+00,1.820750831671567038e+00
1.097066188734965664e+01,6.124779393670018557e+00,1.768704398852131376e+00
1.105578005558941790e+01,5.833801413979909256e+00,1.153611598129086202e+00
1.114607788679695055e+01,5.512388764930097551e+00,1.452761553037276610e+00
1.125003886524404528e+01,5.968130285664638990e+00,1.668313675498441562e+00
1.133387750439100650e+01,6.197263477575963186e+00,1.187616405353302262e+00
1.145170821859562515e+01,5.511166710028386539e+00,1.053658546534131490e+00
1.156463419508738610e+01,5.964938499971500718e+00,1.013250097187878618e+00
1.167560734288493229e+01,6.159504557361032084e+00,-7.994213036075904277e+00
1.177221199487368786e+01,5.773952731909973046e+00,7.446279205232748666e-01
1.187857743690880952e+01,6.030152683507139066e+00,7.393689205542504084e-01
1.198278233535444670e+01,6.020351883826233319e+00,8.697875713801475062e-01
1.209027466543218843e+01,5.615049423343384305e+00,5.685220417318213038e-01
1.216949688148918263e+01,6.394768232610677394e+00,3.087389020868315792e-01
1.226528725159771227e+01,5.335647288206755157e+00,3.134846823630299539e-02
1.234236796029080629e+01,5.984604352128713778e+00,5.446647456188726810e-01
1.244206750125303174e+01,5.946591516154645873e+00,8.288686941396616881e-01
1.253356056186967038e+01,8.448088615480783048e+00,-5.580299075419302035e+00
1.261578677131297255e+01,6.458720597608888170e+00,2.340778626544193219e-03
1.269595691969909979e+01,5.879352676065333405e+00,5.739879372575509842e-02
1.280033914830798558e+01,3.977269296298955759e+00,-8.577384052056757469e+00
1.288386879673483065e+01,6.426410652604571894e+00,6.995479251761445028e-01
1.300512480265367010e+01,5.898907255481716128e+00,6.326019455746120235e-01
1.310917785963868987e+01,6.010657003801160414e+00,5.122772588269290939e-01
1.320152134986543224e+01,5.971472839253681997e+00,-4.099046887660016958e-02
1.330606712443950279e+01,6.107625091266442929e+00,7.981354772344673165e-01
1.338220731799098751e+01,6.251696640657660176e+00,-4.224181999151539468e-01
1.350513527865305896e+01,6.283254831771115434e+00,-4.069748298219661442e-01
1.360425045050020465e+01,5.841652818598705998e+00,-9.676250381518819443e-02
1.371838721186271925e+01,5.992273692383013994e+00,-3.671746712527568235e-01
1.379752371185884030e+01,5.982581205562734539e+00,-4.060192974554796552e-01
1.389685662840074798e+01,6.099385641659766044e+00,-1.158424560106839252e+00
1.399639197811847424e+01,6.164513577885049500e+00,-9.420947613139725174e-01
1.411828330086722261e+01,5.521687240812617858e+00,-7.504163470043392348e-01
1.422186970348602664e+01,5.969931575027064952e+00,-1.013033291324521912e+00
1.432054417353887388e+01,6.184009970034543002e+00,-1.275842098738195540e+00
1.440889295669346915e+01,5.802924650749640811e+00,-1.109307950782763008e+00
1.450047140656059597e+01,5.900281726212103450e+00,-9.126164356880975825e-01
1.460150502668417261e+01,5.599201658043006624e+00,-8.473070758043311779e-01
1.469845059969942547e+01,5.907479729599953266e+00,-1.697139754154303848e+00
1.477453120369344219e+01,5.290248722293556582e+00,-1.183807419551469842e+00
1.489084579990315937e+01,5.794149880328204105e+00,-1.287662747126864238e+00
1.501065383849514845e+01,5.832943460051689399e+00,-1.266767852764997926e+00
1.509266629294507922e+01,6.111860863009733968e+00,-1.720391046857152828e+00
1.519536810012203176e+01,5.457932153273230114e+00,-1.780195757050729410e+00
1.527579688717880479e+01,5.881452913455417431e+00,-1.129112654498703794e+00
1.538440889183079463e+01,5.644606907106735072e+00,-2.320273307901743465e+00
1.547347058102274531e+01,5.245048136611324630e+00,-1.873956945877914615e+00
1.558144171275734102e+01,5.566511739611025966e+00,-1.811372963276841386e+00
1.569279144347168575e+01,5.721279588686465800e+00,-1.848030515876601942e+00
1.580622381806756849e+01,5.998882595178726795e+00,-2.022901341184700108e+00
1.588661086536536438e+01,5.406587854418911654e+00,-1.722101512308784388e+00
1.600741145762224704e+01,5.175352195730032356e+00,-1.816172519413670194e+00
1.609392215716698971e+01,5.645143695730872935e+00,-2.024525505820202742e+00
1.617079278497579864e+01,6.071100147385490864e+00,-2.208191073955801276e+00
1.627353540844537250e+01,6.185552623233927960e+00,-2.143196213242912318e+00
1.636708152263849314e+01,5.158898510849193819e+00,-2.102695175519746495e+00
1.648357100979511358e+01,5.186449929699020522e+00,-2.407601160581218203e+00
1.659898358339832924e+01,5.594993972475524657e+00,-2.071581482279277964e+00
1.668984052803946483e+01,5.262169679548546419e+00,-1.985056932832101939e+00
1.681248549779295232e+01,5.758512815791373640e+00,-1.906738500496204303e+00
1.690203138969995678e+01,5.541920710220004764e+00,-1.968466830193282391e+00
1.700278424616154282e+01,4.786425620433600869e+00,-2.516409569639851185e+00
1.709058250068992280e+01,5.061664097701521037e+00,-2.422060094464308477e+00
1.721238467919237181e+01,5.109261269262859173e+00,-2.556903698580879514e+00
1.729561507007147370e+01,5.816635258269869269e+00,-2.590381735166835231e+00
1.737286060104108998e+01,5.349003129842134108e+00,-2.638319270539375427e+00
1.746961545404124294e+01,5.212980188514839242e+00,-2.602127512364238004e+00
1.759423423224403393e+01,5.279169883669855068e+00,-2.297727075344093706e+00
1.771381809555677833e+01,5.594057592379844124e+00,-2.593841335749055954e+00
1.782624849652962595e+01,5.233594115590112672e+00,-3.067019634643457060e+00
1.794578812107355148e+01,4.983522391768320681e+00,-2.474747508514751448e+00
1.806546045305844572e+01,5.221746775865834245e+00,-2.726191680363146297e+00
1.816640337107776659e+01,5.186650347474683898e+00,-2.668357122987309538e+00
1.825719982366930694e+01,5.243126756975877711e+00,-2.750676064087023143e+00
1.837080044527485612e+01,4.728344356960553441e+00,-2.762229026728652226e+00
1.847888350843324545e+01,3.909390702985428678e+00,-2.770399637142750393e+00
1.857256639487692951e+01,3.653101649872530388e+00,-3.420049305592943512e+00
1.865228972828000664e+01,4.847840732711220291e+00,-2.773696817878601451e+00
1.876462920884745955e+01,-3.411110035391013540e+00,-7.793895650628223315e+00
1.885275223464360295e+01,5.032774480420239449e+00,-3.092501153685182302e+00
1.897459289217029266e+01,5.238052182619022723e+00,-2.962977709794693659e+00
1.906164142092057645e+01,4.646668039853192766e+00,-2.486583864345403683e+00
1.914277931754115158e+01,4.524980219401430581e+00,-3.279798327405025304e+00
1.925933495114739813e+01,4.396582605512833197e+00,-2.998501321178155710e+00
1.934199916697862420e+01,3.979714413585449417e+00,-3.069337604271954678e+00
1.942596258238651075e+01,1.682720645499332868e+00,2.269381710734905244e+00
1.953093172196255267e+01,4.305651880887269911e+00,-3.083903868968699058e+00
1.964965982400442712e+01,4.203292565732318131e+00,-2.933044709740548761e+00
1.973448155729015596e+01,4.376712448723665716e+00,-3.299057855279838858e+00
1.982499774093516010e+01,3.832315143934741819e+00,-2.665476302827458621e+00
1.993886798284722062e+01,1.345241306847298812e+00,-1.102301029464305415e+01
2.006245930415026990e+01,4.152648260295288551e+00,-2.845212380035170074e+00
2.016249636346038798e+01,3.506526363624386189e+00,-2.907142394906703231e+00
2.024469123858795072e+01,4.141813362930517606e+00,-2.855619606289727219e+00
2.032038805297336026e+01,4.069318977058663300e+00,-3.380779764075143579e+00
2.040687085447330418e+01,3.931330043587515810e+00,-3.039451088124314637e+00
2.048846196536263164e+01,3.641794375234773895e+00,-2.676112791235432553e+00
2.059734489904327503e+01,4.169280949574216244e+00,-2.382020773401169578e+00
2.067843652427470147e+01,1.351366728087564084e+01,-5.555452372517730275e+00
2.077875302085573139e+01,3.728054870977397517e+00,-2.657626139938159326e+00
2.088846614263787416e+01,3.595306000509710831e+00,-2.826031916492152796e+00
2.099252197309892054e+01,3.745485508921880591e+00,-2.859954077227969460e+00
2.107751075568192434e+01,3.229678312974411991e+00,-2.946334891354545515e+00
2.119271698199103682e+01,3.570430633997803582e+00,-2.791872324900275704e+00
2.130348733847182530e+01,3.416130497459151094e+00,-2.561635576219994270e+00
2.141543653866760266e+01,-2.842969090293627321e+00,-6.167263544646763407e+00
2.149698942624546660e+01,3.310696702980515660e+00,-3.075832359390303417e+00
2.157817711642798386e+01,3.580118767866486529e+00,-2.829837827906237724e+00
2.169955524397830970e+01,2.576164659063588047e+00,-2.952700262480026705e+00
2.179443415366955605e+01,2.707506820128341207e+00,-2.590372701673093303e+00
2.188448158825860190e+01,2.875428820498774130e+00,-2.674350525673357293e+00
2.198391079052617769e+01,3.080998157123000070e+00,-2.433809648451239482e+00
2.209205400116435669e+01,2.921460709594691174e+00,-2.370367473019953763e+00
2.221483516401670499e+01,2.397395922195197926e-01,-7.587374604824558055e+00
2.230415747536080673e+01,2.581708130907485188e+00,-3.059259104814717745e+00
2.242539789682640716e+01,2.623554749121680629e+00,-2.353401538521876724e+00
2.250164087139571834e+01,2.876870818531824359e+00,-1.961253121546658651e+00
2.260440077351205801e+01,2.556954542116159246e+00,-2.419970141533602792e+00
2.271109952909611351e+01,2.571608170083969469e+00,-2.377267298072273327e+00
2.279139439928365007e+01,-6.503220370266945771e+00,1.817100997868351886e+00
2.287341137913684719e+01,2.151389865315430416e+00,-1.896873609317461851e+00
2.296936709510266184e+01,2.458068790250768743e+00,-2.375999953835253198e+00
2.309267869070982115e+01,2.464496525031418805e+00,-1.815380778391945338e+00
2.319748081837153819e+01,2.132397864175609836e+00,-2.197338042547767323e+00
2.331913197945154792e+01,1.761798371797439922e+00,-2.063017813071726714e+00
2.343435002523219524e+01,2.104031515198411473e+00,-2.123527984134713442e+00
2.353271910530995825e+01,2.005356874060736594e+00,-2.152862698181575052e+00
2.364695727777256806e+01,1.734572789694572181e+00,-1.680578803996186865e+00
2.372284911697141752e+01,2.477121363360836881e+00,-2.081533631306338172e+00
2.380330631680970299e+01,2.129677006157138841e+00,-1.574932845771643608e+00
2.391977774755384090e+01,1.730789897333292027e+00,-1.513173956454028968e+00
2.403461860197009869e+01,2.023166030237895985e+00,-1.093475577920299102e+01
2.412125063906842115e+01,9.513329283581025919e+00,-1.671160694122888923e+00
2.422278911859837436e+01,5.878551049170289033e+00,5.011997542261754646e+00
2.432808990963337337e+01,3.089258651616280105e+00,4.178351209701158808e+00
2.444647685732217468e+01,-7.443765870821614783e+00,-3.010114495437321125e+00
2.455163221518911243e+01,-6.300025862917927100e+00,-3.269878521909560520e-01
2.464726079365279787e+01,-3.892534579092522762e+00,-3.394643037604616609e+00
2.474096999582315703e+01,8.571283339155199243e+00,1.264346671413400625e+00
2.483726410014183372e+01,-7.010499578550120958e+00,4.963942919605958792e+00
2.494486065142083220e+01,-6.201868714580896835e+00,-5.607461085473961937e+00
2.506323518300844810e+01,-4.260565811719027707e+00,-3.978650028426860441e+00
2.516093002711226134e+01,-2.209603270837940947e+00,-4.995481454448889913e+00
2.524832200525982984e+01,-1.117048187488483224e+00,-1.016444160849979994e+01
2.533515512340970943e+01,-5.616110380893706733e+00,-8.545843681881891030e+00
2.544745583742188089e+01,1.980438332493248632e+00,-7.747140569033899027e+00
2.556328427559307670e+01,-5.454618989566592191e+00,-6.418928423085422885e+00
2.564354817958578181e+01,-6.722373024605002634e+00,-1.854184099896640570e+00
2.572187612243354238e+01,-5.192559637691355867e+00,-4.918921694257835320e+00
2.582659780562136476e+01,5.125685429030855111e+00,3.543492141753376234e+00
2.590890646783099882e+01,-4.515824407746472646e-01,5.522916381759832127e+00
2.602513967735381684e+01,4.840369431312221415e-01,2.276000787780441403e-01
2.611565641105002200e+01,2.305125997108466995e-01,1.332226445460699682e-01
2.619785000769858030e+01,1.430020979290578531e-01,-3.163052580771664180e-01
2.631889853132295443e+01,1.101705626991417442e-01,-3.067117161707827999e-01
2.640217511745971990e+01,-3.983710336674802233e-01,5.510038278583180293e-01
2.649141112157661837e+01,2.785817499660034335e-02,6.702707679237214222e-01
2.657409179133622246e+01,-3.651866823456425548e-01,-6.230754610245770042e-02
2.665486629451948986e+01,-4.138938914645872158e-01,3.718172476006927352e-01
2.673092369533631185e+01,-3.727235441016520934e-01,7.356581200885634608e-01
2.680869346579452639e+01,-5.606550995703941664e-01,5.565975744377678058e-01
2.689242553934131763e+01,-8.089538484807807794e-01,6.455893364740139528e-01
2.697009463597267498e+01,-5.671275586987400974e-01,3.405644380824413009e-01
2.707465182677822213e+01,-7.137052735066171660e-01,5.840015025489012634e-01
2.718368755311819740e+01,-6.874545181551988016e+00,1.912427256405897502e-01
2.727836907595979810e+01,-8.181154666420186183e-01,7.085722156732950916e-01
2.736926863080740091e+01,-1.482648701229830612e+00,5.764744140798957472e-01
2.746949494265851399e+01,-1.003701247801125351e+00,7.079728584494233701e-01
2.758824518977024454e+01,-5.946486924841907218e-01,9.453031305372402437e-01
2.770580177111135356e+01,-7.059594644233366800e-01,1.092741285142905028e+00
2.778297552421199157e+01,-1.135912998314802858e+00,1.099284443107973352e+00
2.786705044469181658e+01,-1.205300478057899083e+00,1.697437794612983719e+00
2.795388768824703618e+01,-1.963501825163792791e+00,6.385419307474219375e-01
2.804135706703864628e+01,-1.492055299391649381e+00,1.300442728125483116e+00
2.814491869962578363e+01,-1.194680149194992769e+00,1.504849922773641380e+00
2.824073182091094480e+01,-1.583967628598747179e+00,1.729726451460051440e+00
2.831819452690732319e+01,-1.213647424072769265e+00,1.528071258470486971e+00
2.841187523383030111e+01,-1.299053032009776842e+00,1.613031947225486817e+00
2.851306288126618327e+01,-1.826434018752248534e+00,1.802776006989859070e+00
2.859314647641136986e+01,-1.680142799498679951e+00,1.642390022596856625e+00
2.870981940410079858e+01,-1.351776882147985859e+00,9.763783829480522369e-01
2.878741749742405531e+01,-2.272205374603576633e+00,1.401104020941576822e+00
2.890865959087495796e+01,4.372131425116444703e+00,-4.824264888696966125e+00
2.898861524795395184e+01,-2.436374843075622465e+00,1.576994509728351979e+00
2.910579399553384050e+01,-2.321852756314406019e+00,2.674935594572443343e+00
2.922592665273022305e+01,-4.074286179297816446e+00,-3.289870174574634376e+00
2.934990518675955329e+01,-2.336803962488054331e+00,1.723724562658913495e+00
2.946500648077323348e+01,-2.876902140979330724e+00,2.092648941248286931e+00
2.957898035781180113e+01,-2.679367900438469174e+00,2.159305301128698673e+00
2.968610452161157909e+01,2.239558648563116261e+00,5.308055187263803099e+00
2.980005433934048398e+01,-2.480684567424969345e+00,2.400580391207450148e+00
2.988178194976114099e+01,-2.453287085949457769e+00,1.932124529873117114e+00
2.998358535155852422e+01,-2.388113415336010181e+00,2.133731796329238151e+00
3.008429649506804537e+01,-2.519555901516589813e+00,2.414245170523450668e+00
3.020217510227417179e+01,-3.197782345956020844e+00,2.371862495692587558e+00
3.030031507055384665e+01,-2.737650868352955236e+00,2.690139378719606178e+00
3.039456954535886268e+01,-2.949108355258523773e+00,3.002437835399642818e+00
3.050154770892071809e+01,-9.149418777884648080e+00,-1.736033924766572589e+00
3.058987087479576061e+01,-2.803978855514946744e+00,3.194830587417030188e+00
3.067185929534345945e+01,-2.491679632873872841e+00,2.274726658886058850e+00
3.077075315904464503e+01,-3.418674040590407692e+00,3.121536634307053415e+00
3.086659762747438762e+01,-3.516788023118476936e+00,2.309779253825644751e+00
3.095322612450083000e+01,-3.397753930528774724e+00,2.858927651368115441e+00
3.104660171500658805e+01,-3.338909136239629483e+00,2.564735220859308384e+00
3.113992133749789915e+01,-3.566299577505147589e+00,2.571846888584033763e+00
3.123129611571852493e+01,-3.682161866361767899e+00,3.493793390113191677e+00
3.132526931970487283e+01,-3.384443418836526440e+00,3.098353012867628653e+00
3.143455648697766946e+01,-3.684277733972495028e+00,2.801499031833268205e+00
3.152440031070623405e+01,-3.803662279411491820e+00,2.080822076274719823e+00
3.164684320704200005e+01,-4.073250356408079753e+00,2.356954358003400696e+00
3.176766060801890745e+01,-4.403327192882954044e+00,2.562567106776731052e+00
3.186670612943391134e+01,-3.386513868855351106e+00,2.923257014046097169e+00
3.195812418968414548e+01,-3.447683366780427860e+00,3.072636418236878164e+00
3.205989592917563868e+01,-3.656152945348293937e+00,2.691600544466402400e+00
3.217732395361431941e+01,-3.797707145027112929e+00,3.192743183667717588e+00
3.228495332064232315e+01,-4.185830964450345526e+00,3.151152874452075370e+00
3.240017291203967886e+01,-3.904269040855507189e+00,2.826026828435301841e+00
3.250180902584296661e+01,-4.464372913359573758e+00,2.640461531073682089e+00
3.260845490730634566e+01,-4.156980479661042338e+00,3.096931027233117195e+00
3.269786268801546925e+01,-3.393372725570810378e+00,8.988027910454757574e+00
3.280960734613098140e+01,-4.114373761072070756e+00,3.184837630392348018e+00
3.289472757578726458e+01,-3.862640058544820398e+00,3.380603385841205899e+00
3.300446748222818627e+01,-4.682935132113955845e+00,3.498326679802070238e+00
3.312250343564448229e+01,-4.599443882638656333e+00,3.299814969918296814e+00
3.320410857750955813e+01,-4.459059281333495051e+00,2.856538016242219147e+00
3.330982756453665417e+01,-5.072043615411537587e+00,2.919020608965824159e+00
3.338958235194814961e+01,-5.034998404767541125e+00,3.252101588779173991e+00
3.350086813336172042e+01,-4.746805036617391949e+00,-3.077672787013503886e+00
3.358009279430289951e+01,-4.564346965394330269e+00,2.719418454754038095e+00
3.370188978543792757e+01,-4.898314933867037091e+00,3.150259911318463057e+00
3.378376018193981878e+01,-4.757623205829874635e+00,3.425548492745444484e+00
3.390670419423527449e+01,-4.944369601111151979e+00,3.179940918423869611e+00
3.402174840303953118e+01,-4.819721505649989801e+00,3.094598951555038724e+00
3.412643250326284772e+01,-5.027100961305023930e+00,2.817017134167914882e+00
3.424056370849432795e+01,-4.974702902875296928e+00,2.552886616896524963e+00
3.435531945044348134e+01,-4.787851843193539736e+00,2.968322483970100123e+00
3.447762080358435099e+01,-4.856844350290265844e+00,3.199564041132795467e+00
3.456528997127630731e+01,-4.634159840696415067e+00,2.599610811765475038e+00
3.466979376604422214e+01,-4.996905768986488638e+00,2.492000691510673605e+00
3.474954622592244391e+01,-5.131692596415676100e+00,2.472826921260489197e+00
3.485535451092364667e+01,-4.691590264934941246e+00,2.725431802503812229e+00
3.493891907612828618e+01,-5.273162270847521427e+00,2.944443418727004769e+00
3.504216660670191175e+01,-5.895456545175130181e+00,1.943669350430199838e+00
3.514578813240360233e+01,-5.041361600253754460e+00,2.525870779213800876e+00
3.524408739005266256e+01,-5.238225194277926100e+00,2.070270905088298807e+00
3.534521897882832064e+01,-5.353761394212564362e+00,3.027129375520050569e+00
3.545841514832864760e+01,-5.136017721700714134e+00,2.428157541635199923e+00
3.557337738415424866e+01,-5.551032692219391329e+00,2.207485402609738578e+00
3.567298504493302147e+01,-6.088467679755682482e+00,2.357191583336819996e+00
3.577796471700915504e+01,-5.227251450381778852e+00,1.757367627264357690e+00
3.589952652879365758e+01,-5.714348802178545128e+00,1.823328066268006697e+00
3.598051320821871712e+01,-5.828213941738777493e+00,2.145952759793409381e+00
3.606136838651372045e+01,-6.186055416210002988e+00,2.272793557952307086e+00
3.614075383710925848e+01,-5.355792951847151429e+00,1.971773055791630203e+00
3.624864700136128448e+01,-6.354182596198262978e+00,1.690711298457459266e+00
3.634457741640080286e+01,-5.264223605591245914e+00,1.104021790385189217e+00
3.645829348720789653e+01,-5.765980680570269357e+00,1.520194029482740294e+00
3.656685505787332602e+01,-5.445746061701940199e+00,1.609997055511406261e+00
3.665853694578974142e+01,-5.586624578473790237e+00,1.929134012378165508e+00
3.677845527315781737e+01,-5.182966773625668822e+00,1.627962232051400449e+00
3.689158188051135312e+01,-5.644482794434591000e+00,1.175395278894786122e+00
3.698010862755685935e+01,-5.417792020402151465e+00,1.338762801081186060e+00
3.707331822844545854e+01,-5.960990010443089737e+00,1.502624428568436254e+00
3.716404022745567204e+01,-6.278304474332257357e+00,1.521125226074123260e+00
3.724692080988692311e+01,-5.533831606630127631e+00,1.487877080101438487e+00
3.732930997851403276e+01,-6.314715343012032633e+00,1.310119089741735854e+00
3.745111635168282049e+01,-5.635051949567464469e+00,7.049413516209441788e-01
3.754801155354275721e+01,-6.194799983282773148e+00,1.467740915589543782e+00
3.764217754468162980e+01,-5.804876116314443557e+00,1.265974892534459162e+00
3.775366183011549737e+01,-5.343108323431315476e+00,1.208327998529395542e+00
3.785631148337814267e+01,-5.716515755286854628e+00,1.811600811763641072e+00
3.797811848272006330e+01,-5.992196877247982556e+00,6.758954325534567431e-01
3.809213355741553642e+01,nan,nan
3.819110203562176054e+01,nan,nan
3.828492000929580286e+01,nan,nan
3.840925158654201965e+01,nan,nan
3.852013959834220458e+01,nan,nan
3.864269933134239920e+01,nan,nan
3.872362326020325440e+01,nan,nan
3.884114994416279387e+01,nan,nan
3.894800363836235135e+01,nan,nan
3.902909972227910629e+01,nan,nan
3.913351262227756422e+01,nan,nan
3.924281744053283916e+01,nan,nan
3.931843257482726983e+01,nan,nan
3.941614847291936030e+01,nan,nan
3.953241844847917719e+01,nan,nan
3.962218639974638279e+01,nan,nan
3.972011380383631263e+01,nan,nan
3.981722951018970491e+01,nan,nan
3.990732587976182799e+01,nan,nan
4.002824797453760652e+01,nan,nan
4.014231267630918154e+01,nan,nan
4.022284209685899015e+01,nan,nan
4.034769382975086671e+01,nan,nan
4.046665383096625135e+01,nan,nan
4.055584925285945275e+01,nan,nan
4.067269408184250068e+01,nan,nan
4.075301505843606975e+01,nan,nan
4.087797029495978052e+01,nan,nan
4.098625453176510547e+01,nan,nan
4.109376078254304332e+01,-6.279816396295122338e+00,-9.168799277566179740e-01
4.117328281889224684e+01,-5.941368172781659851e+00,-1.384482964274407202e+00
4.129313448883707593e+01,-5.971526812916236437e+00,-1.574344518822968331e+00
4.136958446399729894e+01,-5.602150983447245380e+00,-1.371819924847912597e+00
4.145662586689935836e+01,-5.599087239866427090e+00,-1.505789993613099620e+00
4.153877696065769243e+01,-5.625026926881946387e+00,-1.679699169425366012e+00
4.165261535769230505e+01,-5.087487709180171791e+00,-2.093944354992780532e+00
4.173752556905294853e+01,-5.360584636037193818e+00,-1.264261131368588975e+00
4.185805748040949226e+01,-5.968590315041852001e+00,-1.077144359930595652e+00
4.196587093237586430e+01,-5.390095030705125190e+00,-1.517118955949743109e+00
4.204267906790060039e+01,-5.662513519986958066e+00,-1.917442831031589412e+00
4.211795055960703849e+01,-5.715810029651020585e+00,-1.777443021824499203e+00
4.219553345545775613e+01,-5.213665376739791135e+00,-1.883187714802107227e+00
4.230082971434013928e+01,-5.880932527897038575e+00,-1.747509107494627401e+00
4.241590380488310785e+01,-5.301145903983226937e+00,-1.859553249657317497e+00
4.250283144591447382e+01,-5.330467540433352802e+00,-2.182358148214204707e+00
4.262030188806063080e+01,-5.800267725114292006e+00,-2.421066219340378467e+00
4.269816348506829229e+01,-5.990032664472929369e+00,-2.128036750411129052e+00
4.281321167775037395e+01,-5.490780996622000032e+00,-2.386615159928641372e+00
4.293460144925898447e+01,-6.315800665745705977e+00,-2.685506329219554011e+00
4.304820686921420503e+01,-5.057536834160480055e+00,-2.561979575524380159e+00
4.315811290841313763e+01,-5.250481819141305628e+00,-2.827737219445393357e+00
4.327501191934590707e+01,-4.888659994190859948e+00,-2.502888672420423788e+00
4.335201948432325736e+01,-5.207399057673041121e+00,-1.793267968474080654e+00
4.343710858985920709e+01,-4.810379085984267888e+00,-2.616590259564397947e+00
4.351835477382449113e+01,-5.414979009831003331e+00,-2.653402035552200999e+00
4.361858132333414062e+01,-5.048448907502748106e+00,-2.624353411972660144e+00
4.373084072975058234e+01,-5.279230629586932011e+00,-2.192345150698071787e+00
4.383734132197940170e+01,-5.155384576894338267e+00,-1.978533070421609086e+00
4.395489787696750028e+01,-5.049287893022613716e+00,-2.170427459699664219e+00
4.403765852658955282e+01,-4.937301933877741078e+00,-2.442324530011417583e+00
4.414938958118631263e+01,-5.217873372102292073e+00,-3.019636831802370747e+00
4.423404165572975444e+01,-4.828637257041302533e+00,-2.490090322505705167e+00
4.432257959329564301e+01,-4.918424789825304622e+00,-3.195553334875099516e+00
4.443307482815971099e+01,-5.292812031222443814e+00,-3.264673429481894651e+00
4.455708506740464259e+01,-5.362633637220404204e+00,-2.831497528093449123e+00
4.466266224770349424e+01,-4.449389468472110920e+00,-2.890046169142021615e+00
4.474038726345305861e+01,-5.431079878201275690e+00,-2.958025560031695811e+00
4.484620271194943797e+01,-4.754915129596716028e+00,-2.290490530272555780e+00
4.492332023952844366e+01,-5.108572549073175928e+00,-3.048785418914174539e+00
4.504252752509678714e+01,-4.105336648325096149e+00,-2.813612148932242096e+00
4.515300643935182023e+01,-4.396894705499382994e+00,-2.927852907019839801e+00
4.523666283167294466e+01,-1.012224277856776311e+01,-6.527731867576977542e+00
4.531624888196415668e+01,-4.731610063033930835e+00,-2.715125055056012648e+00
4.540042554340817560e+01,-4.860220536641031153e+00,-2.886659777204670263e+00
4.552442690238588341e+01,-4.334292575820475335e+00,-3.177601269042493737e+00
4.562235493450880597e+01,-4.346329506069971593e+00,-3.183559693848128980e+00
4.573655898192587443e+01,-4.603844159006390768e+00,-3.105554270660023874e+00
4.584337939903126369e+01,-4.559309542156197104e+00,-2.903090648945922947e+00
4.594700005652919828e+01,-4.519878046113134928e+00,-2.784899139823126646e+00
4.602925656926245068e+01,-4.486556649446796108e+00,-3.165919114979172111e+00
4.615155779194035546e+01,-4.255204705502039886e+00,-2.592668449162067290e+00
4.624162492356609278e+01,-3.920830742265186686e+00,-3.047800426684553532e+00
4.634552578435646808e+01,-3.814454946286482517e+00,-3.607862806512443399e+00
4.645551458158592339e+01,-3.917220375971022239e+00,-2.365357310577413497e+00
4.656297623934818830e+01,-3.805502683592987712e+00,-2.931403870851554405e+00
4.668500595983296364e+01,-3.612911352047949443e+00,-2.666142634036059000e+00
4.676742790932896554e+01,-4.330298507750641512e+00,-3.426646054223291049e+00
4.686784554625130994e+01,-3.611079897490771629e+00,-3.119179185758883310e+00
4.696304726578834732e+01,-3.226130760580943502e+00,-2.981373661161379474e+00
4.706175570226248084e+01,-4.143165000555257826e+00,-3.247080338369464414e+00
4.714271657857236875e+01,-4.340638878627133934e+00,-2.919189287767283147e+00
4.722442130906600966e+01,-1.035192005600875298e+01,-7.372626224776419157e+00
4.731332508635507139e+01,-3.091801541323948577e+00,-2.448531968654302116e+00
4.740356031654311408e+01,-8.464376737800259676e+00,4.692690094929241162e+00
4.749995547722718214e+01,-8.548835893918338869e+00,-6.845526751193171666e-01
4.760550485457901004e+01,-3.147624972561483769e+00,-2.432769794967032606e+00
4.771223631044992430e+01,-3.524951365350533550e+00,-2.091678472756493434e+00
4.780782685527920250e+01,-3.404727817842472692e+00,-2.438563376688200446e+00
4.790326601075063451e+01,-3.564184017783640357e+00,-2.910085491696041249e+00
4.798914743708548514e+01,-2.549706763925937647e+00,-2.679008569101029913e+00
4.809356274950593502e+01,-2.687332915813319456e+00,-2.491365641003216780e+00
4.818441479507179537e+01,-2.913596972595684953e+00,-2.118674066767136654e+00
4.826121778678566443e+01,-2.904484770559810691e+00,-3.031843438863350837e+00
4.835713778899350501e+01,-3.013396648291321256e+00,-2.293348000524796593e+00
4.845584442274801518e+01,-2.590552029700921466e+00,-2.887415853103711960e+00
4.854212406615822317e+01,-2.870935293181382519e+00,-2.554508817121922792e+00
4.864574696281432864e+01,-2.696155058625298473e+00,-2.746614246475943322e+00
4.874903555783592424e+01,-2.707725681665250406e+00,-2.504983525928542232e+00
4.885913566689144005e+01,-2.215590468983310135e+00,-1.991549465091275506e+00
4.896653309100150153e+01,-2.419989482342669529e+00,-2.299559281034433855e+00
4.907415474382755605e+01,-2.262921221573073183e+00,-2.373018025146959253e+00
4.916496545141875885e+01,-2.588445612002157503e+00,-2.363523883283667804e+00
4.927933706251806001e+01,-2.358261656243273219e+00,-2.370420476975187096e+00
4.938179428169804197e+01,-2.050251749912650467e+00,-1.747348478737183353e+00
4.947836519145703704e+01,-2.509721547259251562e+00,-1.905686898834735521e+00
4.958466581550408847e+01,-2.027402976696208281e+00,-1.751204490486950371e+00
4.967769868222659824e+01,4.384698179055686929e+00,-9.448383736300435487e+00
4.977833564445693781e+01,-2.207840226262824501e+00,-1.733228490394322030e+00
4.989017092888104798e+01,-1.443638234508357154e+00,-2.340137439376387629e+00
5.000949107321723375e+01,-1.566212535858969135e+00,-1.247061443892904187e+00
5.013054393308199508e+01,-1.631950768988648104e+00,-1.364565782224757440e+00
5.023072557934114712e+01,-1.727285745871975697e+00,-1.502949877967641568e+00
5.033173933507817566e+01,-1.932160489181031782e+00,-2.106578886267978401e+00
5.044673285561636789e+01,-1.082566242883224561e+00,-1.625070102152724516e+00
5.053745539020357569e+01,-1.438368284479585757e+00,-1.686638934668947432e+00
5.065432450832082623e+01,-1.642433915280799628e+00,-1.246143132763906980e+00
5.075403159064669723e+01,-1.367939776455078915e+00,-1.014406609264694836e+00
5.083482442686346303e+01,-9.561578578987786070e-01,-9.774305467572064199e-01
5.091342738421710834e+01,-9.646423332789152427e-01,-5.473216341060439527e-01
5.103052704476908019e+01,-1.273356259588358075e+00,-9.574576558337372090e-01
5.110830544061442282e+01,-5.579410482515207992e-01,-5.082799841040623878e-01
5.119733601242110410e+01,-1.260846653673999285e+00,-9.199187551742231683e-01
5.128904251444618012e+01,-3.614448207439018845e-01,-6.101181489662056423e-01
5.137269223670575968e+01,-6.505332729011562565e-01,-7.694478136117153255e-01
5.146338690519586123e+01,-7.593692357993899744e-01,-5.540389329326831369e-01
5.157552153353211821e+01,-6.396151043110600565e-01,-5.741804643450250101e-01
5.165125567571012510e+01,-4.860134911719760087e-01,-7.111732662387113546e-01
5.176761434693615627e+01,-2.664317970952024273e-01,4.492784099846607870e-01
5.188544174811488574e+01,-8.745052722503702247e-01,-2.436523699866517401e-01
5.197905482677446543e+01,-5.021539683270486165e-01,-1.005900098639471996e-01
5.206173547172749494e+01,-2.006492698362815352e-01,1.407726001058648424e-02
5.216677749212475135e+01,2.136323658943785064e-01,-8.125595066759991325e-02
5.224776111991799610e+01,2.588942850609743385e-01,-7.840034640445111558e-01
5.234100708797191004e+01,4.635489612486562438e-01,9.893195227630274813e-02
5.246392854701695541e+01,3.982677708881616208e-01,-2.910537989359973654e-01
5.258870177064613927e+01,-1.671643816739165178e+00,-9.170656092246854740e+00
5.270230701521386862e+01,2.413684632921978546e-01,3.311923434263848720e-01
5.279285509070990656e+01,6.369581275117067731e-01,-2.183830172464131247e-01
5.290223834316821439e+01,6.823698617951731160e-01,3.918825423896609705e-01
5.301250866144241769e+01,4.082796440041419062e-01,2.664082592742911260e-02
5.310690074620060130e+01,6.880512300575934992e-01,-1.892524498281805689e-01
5.321394517792990797e+01,8.083709375964440724e-01,1.629999071971249269e-01
5.328948156017869309e+01,6.839649633555440200e-01,6.280254154635752650e-01
5.337493444310880619e+01,1.079896504319973971e+00,6.700368818198899623e-01
5.347618885825716717e+01,5.931009147939209081e-01,6.421825451056889511e-01
5.355937642347008421e+01,1.242524855733812661e+00,1.012648627301512727e+00
5.364267176686391281e+01,8.042794909329490372e-01,8.381562434647635840e-01
5.375948698139142579e+01,5.328346693447467697e-01,1.105417011683965889e+00
5.388394363152560373e+01,5.632758472128110983e-01,1.298560740619361553e+00
5.398674210292702469e+01,1.202502686485315664e+00,1.857892334620676156e+00
5.410369558947110846e+01,9.163651553489751134e-01,1.188417211052203770e+00
5.422821167268742215e+01,1.873445590698784580e+00,1.657990185679196093e+00
5.431029146711586009e+01,1.182648403680875315e+00,1.420762923052038662e+00
5.440770374777857654e+01,1.460239776395329869e+00,1.500375899174420935e+00
5.450233238357067478e+01,1.316026074552739011e+00,1.448690930329657567e+00
5.458133484775298427e+01,1.101157341471950435e+00,1.565282400052694589e+00
5.469410135639272141e+01,1.793756248804792230e+00,1.525875937230576573e+00
5.479079030775885428e+01,1.241024450073625607e+00,1.949201489667109932e+00
5.488925665446837598e+01,1.902675873585093491e+00,1.493538919898944162e+00
5.497179030315903958e+01,1.765757216921533423e+00,1.309610845547845237e+00
5.505583663577058218e+01,1.599784506437138321e+00,1.647115136263627821e+00
5.517619181687839358e+01,2.357892365921312905e+00,1.684984175358111402e+00
5.525342427132710554e+01,2.233805900864474836e+00,1.758396669678080171e+00
5.534006688557428788e+01,2.174674369967064536e+00,1.924989526330720624e+00
5.542966985209001507e+01,2.422516939736749197e+00,1.855209928018365595e+00
5.552917972921009238e+01,1.755526428828992680e+00,1.653554633629561010e+00
5.563350198786083212e+01,2.137290377167864630e+00,1.747178635366656074e+00
5.573316648665336714e+01,2.486043808051165538e+00,2.032281447224402626e+00
5.581237225338121277e+01,3.127673968989571840e+00,1.689640505598735576e+00
5.589955562608400186e+01,-6.541376515211958065e+00,7.823278599824139423e-01
5.601673504532212888e+01,-3.115857260204705437e+00,8.357560708551028839e+00
5.612361448034604905e+01,1.921084188944274018e+00,2.427163866322420649e+00
5.623107193285276395e+01,3.258959649829186400e+00,2.267189234436414402e+00
5.633958209562032948e+01,1.053390833733732634e+01,5.278280598066507068e+00
5.645272724657230867e+01,2.780612982247297360e+00,2.321014146256923816e+00
5.653063267065837749e+01,2.196415286267061617e+00,2.718299431709337188e+00
5.662396308990501126e+01,2.903959779698576327e+00,2.257812052075620635e+00
5.672593946166809786e+01,3.039686580153271311e+00,2.423957500857691461e+00
5.681786228583296605e+01,2.900302469476819134e+00,2.813368340571761994e+00
5.693508622949732256e+01,7.833729956649072790e+00,9.397920133969769552e+00
5.703421485492668808e+01,2.772489252729096076e+00,2.503892536743979935e+00
5.714764623439965874e+01,3.837537006663883865e+00,3.075350608985453427e+00
5.726524701024371922e+01,3.360685401892407054e+00,2.488550339879066264e+00
5.736548658438889703e+01,3.232405496658698585e+00,2.819560699277893434e+00
5.748596419658246504e+01,3.473647099935055937e+00,2.800466531151093452e+00
5.759032039360931066e+01,3.514231104918944304e+00,2.787620787747603579e+00
5.770783410855099760e+01,3.159018544066612755e+00,2.722095394835317705e+00
5.779986364833057166e+01,3.918857650178451557e+00,2.484620272889704218e+00
5.789980449625714698e+01,3.644502365724891391e+00,2.667219984700723412e+00
5.800137504830737356e+01,3.792055062655586006e+00,2.813158571438023614e+00
5.808162403410217678e+01,4.246730170206337363e+00,3.093610073026848983e+00
5.817655165943725137e+01,3.462583443059417565e+00,3.155655273111104719e+00
5.829741854306483617e+01,3.689992593149757028e+00,2.795076962216437089e+00
5.840396015508307670e+01,4.074260186015482788e+00,2.830823857346342454e+00
5.848783548420492195e+01,4.292959306301690425e+00,2.752633581939561758e+00
5.857977826598540361e+01,3.888265161878682097e+00,2.793962645240795961e+00
5.866435841646853788e+01,3.948754714766582907e+00,3.324761296925775600e+00
5.874059957305846780e+01,4.346831886447211524e+00,3.510652223568601737e+00
5.886197259598366571e+01,4.901042003496753452e+00,2.690625957050773120e+00
5.895938296239651066e+01,4.291432839069452498e+00,2.646883084018504029e+00
5.904975971601754736e+01,4.082483608662064611e+00,2.809161438028667579e+00
5.915468357559543477e+01,4.050757109316572624e+00,2.679043149494099385e+00
5.923004929841008703e+01,4.361641740003603829e+00,2.625852603693843879e+00
5.931895040374012495e+01,4.700774507549303927e+00,2.709871207024037165e+00
5.942910207702507108e+01,5.343842326343981597e+00,2.840870885428258052e+00
5.953579056567853200e+01,4.573001383909652162e+00,2.577070016956404253e+00
5.965988086305566185e+01,5.120933741402819983e+00,3.286732236720895983e+00
5.976589874853856088e+01,4.746677161254691413e+00,2.532131297903252865e+00
